model,evaluation,displacement,direction,accuracy,macro_f1,mean_max_confidence,accuracy_change,prediction_consistency
resnet50,linear_head,0,up,0.976,0.9760555313263286,0.8978341221809387,0.0,1.0
resnet50,linear_head,0,down,0.976,0.9760555313263286,0.8978341221809387,0.0,1.0
resnet50,linear_head,0,left,0.976,0.9760555313263286,0.8978341221809387,0.0,1.0
resnet50,linear_head,0,right,0.976,0.9760555313263286,0.8978341221809387,0.0,1.0
resnet50,linear_head,8,up,0.972,0.972069592253343,0.8980271220207214,-0.0040000000000000036,0.994
resnet50,linear_head,8,down,0.97,0.9700692039792216,0.8942069411277771,-0.006000000000000005,0.992
resnet50,linear_head,8,left,0.97,0.969977397739774,0.8977259993553162,-0.006000000000000005,0.99
resnet50,linear_head,8,right,0.97,0.9700148005196677,0.895950198173523,-0.006000000000000005,0.994
resnet50,linear_head,16,up,0.968,0.9680159273659324,0.8998780250549316,-0.008000000000000007,0.992
resnet50,linear_head,16,down,0.972,0.9720501785472667,0.8881241679191589,-0.0040000000000000036,0.994
resnet50,linear_head,16,left,0.966,0.9660567811883229,0.8972236514091492,-0.010000000000000009,0.988
resnet50,linear_head,16,right,0.968,0.9681083838124251,0.8886683583259583,-0.008000000000000007,0.99
resnet50,linear_head,32,up,0.97,0.9700716410176433,0.8918310403823853,-0.006000000000000005,0.99
resnet50,linear_head,32,down,0.964,0.9642822099136683,0.8832761645317078,-0.01200000000000001,0.986
resnet50,linear_head,32,left,0.966,0.9660662464769854,0.8888652920722961,-0.010000000000000009,0.986
resnet50,linear_head,32,right,0.96,0.960162584501132,0.886164128780365,-0.016000000000000014,0.984
vit_b_16,linear_head,0,up,0.974,0.9738947522603401,0.9589771032333374,0.0,1.0
vit_b_16,linear_head,0,down,0.974,0.9738947522603401,0.9589771032333374,0.0,1.0
vit_b_16,linear_head,0,left,0.974,0.9738947522603401,0.9589771032333374,0.0,1.0
vit_b_16,linear_head,0,right,0.974,0.9738947522603401,0.9589771032333374,0.0,1.0
vit_b_16,linear_head,8,up,0.976,0.9759761966592817,0.9572595953941345,0.0020000000000000018,0.98
vit_b_16,linear_head,8,down,0.98,0.979975335071409,0.9592806696891785,0.006000000000000005,0.982
vit_b_16,linear_head,8,left,0.974,0.9739941247054743,0.9577010273933411,0.0,0.98
vit_b_16,linear_head,8,right,0.98,0.979996598699486,0.9576106071472168,0.006000000000000005,0.986
vit_b_16,linear_head,16,up,0.972,0.9719547582609401,0.9583784341812134,-0.0020000000000000018,0.984
vit_b_16,linear_head,16,down,0.982,0.9819583958395839,0.9562843441963196,0.008000000000000007,0.988
vit_b_16,linear_head,16,left,0.972,0.9718702741203934,0.9560927152633667,-0.0020000000000000018,0.99
vit_b_16,linear_head,16,right,0.968,0.9679131178423963,0.9580659866333008,-0.006000000000000005,0.988
vit_b_16,linear_head,32,up,0.964,0.9640887772987824,0.9503026604652405,-0.010000000000000009,0.972
vit_b_16,linear_head,32,down,0.968,0.967968875697346,0.9515553712844849,-0.006000000000000005,0.978
vit_b_16,linear_head,32,left,0.966,0.9659507061732026,0.9499434232711792,-0.008000000000000007,0.976
vit_b_16,linear_head,32,right,0.958,0.957971583472873,0.9543254375457764,-0.016000000000000014,0.978
clip_vit_b_32,linear_head,0,up,0.984,0.9840160592639411,0.30502304434776306,0.0,1.0
clip_vit_b_32,zero_shot,0,up,0.98,0.9798839921143818,0.9547561407089233,0.0,1.0
clip_vit_b_32,linear_head,0,down,0.984,0.9840160592639411,0.30502304434776306,0.0,1.0
clip_vit_b_32,zero_shot,0,down,0.98,0.9798839921143818,0.9547561407089233,0.0,1.0
clip_vit_b_32,linear_head,0,left,0.984,0.9840160592639411,0.30502304434776306,0.0,1.0
clip_vit_b_32,zero_shot,0,left,0.98,0.9798839921143818,0.9547561407089233,0.0,1.0
clip_vit_b_32,linear_head,0,right,0.984,0.9840160592639411,0.30502304434776306,0.0,1.0
clip_vit_b_32,zero_shot,0,right,0.98,0.9798839921143818,0.9547561407089233,0.0,1.0
clip_vit_b_32,linear_head,8,up,0.986,0.986034660643887,0.3026699423789978,0.0020000000000000018,0.99
clip_vit_b_32,zero_shot,8,up,0.978,0.9779608927798907,0.9522466659545898,-0.0020000000000000018,0.988
clip_vit_b_32,linear_head,8,down,0.986,0.9860194019401941,0.30382654070854187,0.0020000000000000018,0.994
clip_vit_b_32,zero_shot,8,down,0.978,0.9779251340182562,0.9506693482398987,-0.0020000000000000018,0.988
clip_vit_b_32,linear_head,8,left,0.98,0.9799655890928459,0.30337658524513245,-0.0040000000000000036,0.992
clip_vit_b_32,zero_shot,8,left,0.976,0.975892073689306,0.9526475071907043,-0.0040000000000000036,0.986
clip_vit_b_32,linear_head,8,right,0.984,0.9839954449576126,0.30179908871650696,0.0,0.992
clip_vit_b_32,zero_shot,8,right,0.98,0.979758361528539,0.9508765339851379,0.0,0.984
clip_vit_b_32,linear_head,16,up,0.978,0.9780307971142485,0.29985132813453674,-0.006000000000000005,0.99
clip_vit_b_32,zero_shot,16,up,0.974,0.9739216888594988,0.9481184482574463,-0.006000000000000005,0.98
clip_vit_b_32,linear_head,16,down,0.982,0.9819993999399941,0.3000767230987549,-0.0020000000000000018,0.99
clip_vit_b_32,zero_shot,16,down,0.974,0.9738168139757256,0.9505813121795654,-0.006000000000000005,0.984
clip_vit_b_32,linear_head,16,left,0.972,0.971784611302283,0.297353059053421,-0.01200000000000001,0.98
clip_vit_b_32,zero_shot,16,left,0.976,0.9758031273715607,0.950870156288147,-0.0040000000000000036,0.984
clip_vit_b_32,linear_head,16,right,0.984,0.9840372150060144,0.29715028405189514,0.0,0.984
clip_vit_b_32,zero_shot,16,right,0.984,0.9838286196266687,0.9489436745643616,0.0040000000000000036,0.984
clip_vit_b_32,linear_head,32,up,0.972,0.971974924696427,0.2934512197971344,-0.01200000000000001,0.984
clip_vit_b_32,zero_shot,32,up,0.966,0.9660721470162119,0.9390779137611389,-0.014000000000000012,0.98
clip_vit_b_32,linear_head,32,down,0.972,0.9721742531293277,0.29307863116264343,-0.01200000000000001,0.988
clip_vit_b_32,zero_shot,32,down,0.966,0.9659922903965598,0.9433395266532898,-0.014000000000000012,0.986
clip_vit_b_32,linear_head,32,left,0.976,0.9760931939161169,0.29315435886383057,-0.008000000000000007,0.988
clip_vit_b_32,zero_shot,32,left,0.966,0.9657417387388033,0.9416071176528931,-0.014000000000000012,0.982
clip_vit_b_32,linear_head,32,right,0.978,0.977948614284149,0.2930964529514313,-0.006000000000000005,0.99
clip_vit_b_32,zero_shot,32,right,0.968,0.9677924932112678,0.9418461918830872,-0.01200000000000001,0.982
