group,dataset_index,unknown_class,predicted_known_index,predicted_known_class,mls_score,threshold
far,5260,sunflower,2,bird,-11.358866691589355,-5.903560161590576
far,2915,wardrobe,9,truck,-11.1066255569458,-5.903560161590576
far,6673,clock,3,cat,-11.061924934387207,-5.903560161590576
far,7443,bottle,3,cat,-10.973387718200684,-5.903560161590576
far,8236,wardrobe,9,truck,-10.898965835571289,-5.903560161590576
far,5940,keyboard,3,cat,-10.757271766662598,-5.903560161590576
far,976,sunflower,9,truck,-10.73842716217041,-5.903560161590576
far,6233,chair,0,airplane,-10.647624969482422,-5.903560161590576
far,6390,wardrobe,9,truck,-10.610771179199219,-5.903560161590576
far,8701,mushroom,5,dog,-10.463434219360352,-5.903560161590576
far,3968,mushroom,6,frog,-10.457112312316895,-5.903560161590576
far,5096,chair,0,airplane,-10.416486740112305,-5.903560161590576
far,1820,mushroom,6,frog,-10.364307403564453,-5.903560161590576
far,3924,wardrobe,9,truck,-10.25284194946289,-5.903560161590576
far,3247,keyboard,9,truck,-10.232726097106934,-5.903560161590576
far,4847,chair,2,bird,-10.215855598449707,-5.903560161590576
far,3586,keyboard,3,cat,-10.175116539001465,-5.903560161590576
far,7171,wardrobe,9,truck,-10.068839073181152,-5.903560161590576
far,8505,mushroom,2,bird,-10.048728942871094,-5.903560161590576
far,714,sunflower,2,bird,-9.95569896697998,-5.903560161590576
far,1196,mushroom,6,frog,-9.839118957519531,-5.903560161590576
far,1138,mushroom,2,bird,-9.782361030578613,-5.903560161590576
far,5219,mushroom,3,cat,-9.754868507385254,-5.903560161590576
far,4208,wardrobe,9,truck,-9.7177734375,-5.903560161590576
far,3888,bottle,3,cat,-9.68264102935791,-5.903560161590576
far,5690,clock,0,airplane,-9.646659851074219,-5.903560161590576
far,5683,chair,0,airplane,-9.62005615234375,-5.903560161590576
far,77,bowl,9,truck,-9.559024810791016,-5.903560161590576
far,9193,mushroom,3,cat,-9.497665405273438,-5.903560161590576
far,8475,sunflower,2,bird,-9.488909721374512,-5.903560161590576
far,9600,chair,0,airplane,-9.476795196533203,-5.903560161590576
far,9847,mushroom,2,bird,-9.458871841430664,-5.903560161590576
far,8369,keyboard,9,truck,-9.427631378173828,-5.903560161590576
far,1781,sunflower,0,airplane,-9.40070915222168,-5.903560161590576
far,1428,clock,1,automobile,-9.37852954864502,-5.903560161590576
far,8994,keyboard,0,airplane,-9.338874816894531,-5.903560161590576
far,52,bottle,2,bird,-9.330703735351562,-5.903560161590576
far,5777,keyboard,0,airplane,-9.327569961547852,-5.903560161590576
far,4321,clock,9,truck,-9.309732437133789,-5.903560161590576
far,4683,bottle,3,cat,-9.302340507507324,-5.903560161590576
far,6558,mushroom,2,bird,-9.286276817321777,-5.903560161590576
far,6033,bowl,1,automobile,-9.27392292022705,-5.903560161590576
far,611,sunflower,2,bird,-9.248848915100098,-5.903560161590576
far,9186,wardrobe,9,truck,-9.24852180480957,-5.903560161590576
far,9149,wardrobe,9,truck,-9.220666885375977,-5.903560161590576
far,1696,bowl,3,cat,-9.196131706237793,-5.903560161590576
far,1944,wardrobe,9,truck,-9.179571151733398,-5.903560161590576
far,4785,sunflower,2,bird,-9.166455268859863,-5.903560161590576
far,9778,mushroom,2,bird,-9.14535903930664,-5.903560161590576
far,6079,bowl,5,dog,-9.140695571899414,-5.903560161590576
far,1586,clock,9,truck,-9.133392333984375,-5.903560161590576
far,8498,chair,2,bird,-9.102058410644531,-5.903560161590576
far,9775,sunflower,2,bird,-9.097582817077637,-5.903560161590576
far,806,bowl,6,frog,-9.095166206359863,-5.903560161590576
far,6943,chair,0,airplane,-9.090526580810547,-5.903560161590576
far,328,wardrobe,9,truck,-9.07262134552002,-5.903560161590576
far,3210,clock,1,automobile,-9.008190155029297,-5.903560161590576
far,9492,bowl,8,ship,-8.980154991149902,-5.903560161590576
far,4933,wardrobe,9,truck,-8.950366973876953,-5.903560161590576
far,5577,keyboard,6,frog,-8.947921752929688,-5.903560161590576
far,4334,bottle,3,cat,-8.938253402709961,-5.903560161590576
far,6423,wardrobe,9,truck,-8.911310195922852,-5.903560161590576
far,8572,clock,1,automobile,-8.909546852111816,-5.903560161590576
far,7483,mushroom,6,frog,-8.895425796508789,-5.903560161590576
far,8689,sunflower,5,dog,-8.879810333251953,-5.903560161590576
far,8736,sunflower,2,bird,-8.877591133117676,-5.903560161590576
far,6491,chair,0,airplane,-8.869222640991211,-5.903560161590576
far,3186,chair,0,airplane,-8.812126159667969,-5.903560161590576
far,6388,sunflower,2,bird,-8.810037612915039,-5.903560161590576
far,452,bowl,1,automobile,-8.808960914611816,-5.903560161590576
far,6472,bottle,8,ship,-8.76231575012207,-5.903560161590576
far,9561,bowl,6,frog,-8.75841999053955,-5.903560161590576
far,7224,clock,9,truck,-8.75407886505127,-5.903560161590576
far,3373,bowl,3,cat,-8.747450828552246,-5.903560161590576
far,953,mushroom,3,cat,-8.736968994140625,-5.903560161590576
far,6046,wardrobe,3,cat,-8.713665008544922,-5.903560161590576
far,7632,mushroom,6,frog,-8.706589698791504,-5.903560161590576
far,30,chair,0,airplane,-8.699089050292969,-5.903560161590576
far,1932,bottle,8,ship,-8.697224617004395,-5.903560161590576
far,4947,wardrobe,3,cat,-8.673322677612305,-5.903560161590576
far,4471,bowl,6,frog,-8.614421844482422,-5.903560161590576
far,9044,bottle,2,bird,-8.610894203186035,-5.903560161590576
far,3305,mushroom,6,frog,-8.608800888061523,-5.903560161590576
far,9303,clock,1,automobile,-8.588532447814941,-5.903560161590576
far,6298,keyboard,3,cat,-8.57955265045166,-5.903560161590576
far,3705,wardrobe,9,truck,-8.572976112365723,-5.903560161590576
far,2831,sunflower,6,frog,-8.54462718963623,-5.903560161590576
far,4466,wardrobe,9,truck,-8.5405855178833,-5.903560161590576
far,963,mushroom,4,deer,-8.518054962158203,-5.903560161590576
far,220,wardrobe,9,truck,-8.51501178741455,-5.903560161590576
far,8068,sunflower,6,frog,-8.493585586547852,-5.903560161590576
far,4704,clock,9,truck,-8.489532470703125,-5.903560161590576
far,3386,sunflower,3,cat,-8.487515449523926,-5.903560161590576
far,797,wardrobe,9,truck,-8.450850486755371,-5.903560161590576
far,194,wardrobe,3,cat,-8.446005821228027,-5.903560161590576
far,9307,wardrobe,3,cat,-8.441190719604492,-5.903560161590576
far,582,sunflower,2,bird,-8.432520866394043,-5.903560161590576
far,9103,mushroom,2,bird,-8.43106460571289,-5.903560161590576
far,3089,sunflower,5,dog,-8.430119514465332,-5.903560161590576
far,6565,bowl,6,frog,-8.401114463806152,-5.903560161590576
far,8616,sunflower,2,bird,-8.400130271911621,-5.903560161590576
far,5926,chair,0,airplane,-8.35307788848877,-5.903560161590576
far,9102,bowl,6,frog,-8.334967613220215,-5.903560161590576
far,9270,wardrobe,3,cat,-8.332056045532227,-5.903560161590576
far,588,bowl,8,ship,-8.31898307800293,-5.903560161590576
far,870,clock,0,airplane,-8.270269393920898,-5.903560161590576
far,6030,sunflower,2,bird,-8.27021598815918,-5.903560161590576
far,6907,keyboard,9,truck,-8.259468078613281,-5.903560161590576
far,4986,clock,9,truck,-8.257757186889648,-5.903560161590576
far,6543,keyboard,9,truck,-8.253950119018555,-5.903560161590576
far,3853,wardrobe,9,truck,-8.250689506530762,-5.903560161590576
far,8866,sunflower,2,bird,-8.248981475830078,-5.903560161590576
far,2797,bowl,3,cat,-8.230411529541016,-5.903560161590576
far,932,bottle,3,cat,-8.202424049377441,-5.903560161590576
far,4252,bowl,3,cat,-8.20074462890625,-5.903560161590576
far,7469,wardrobe,9,truck,-8.198888778686523,-5.903560161590576
far,8568,bowl,0,airplane,-8.188695907592773,-5.903560161590576
far,363,wardrobe,9,truck,-8.187671661376953,-5.903560161590576
far,788,sunflower,2,bird,-8.14992618560791,-5.903560161590576
far,1032,mushroom,2,bird,-8.133682250976562,-5.903560161590576
far,2684,chair,0,airplane,-8.113765716552734,-5.903560161590576
far,2302,bowl,6,frog,-8.02263355255127,-5.903560161590576
far,2670,bowl,4,deer,-8.021035194396973,-5.903560161590576
far,238,sunflower,2,bird,-8.0187349319458,-5.903560161590576
far,2055,keyboard,0,airplane,-8.018609046936035,-5.903560161590576
far,8889,wardrobe,3,cat,-8.015539169311523,-5.903560161590576
far,4982,mushroom,2,bird,-8.00564956665039,-5.903560161590576
far,3872,keyboard,0,airplane,-8.00357437133789,-5.903560161590576
far,3765,bowl,8,ship,-7.964821815490723,-5.903560161590576
far,8868,wardrobe,9,truck,-7.946223735809326,-5.903560161590576
far,5820,mushroom,2,bird,-7.943702220916748,-5.903560161590576
far,5633,keyboard,6,frog,-7.934438705444336,-5.903560161590576
far,1231,sunflower,2,bird,-7.9338483810424805,-5.903560161590576
far,2579,mushroom,2,bird,-7.917195796966553,-5.903560161590576
far,3952,bowl,5,dog,-7.911965847015381,-5.903560161590576
far,3282,clock,3,cat,-7.904763698577881,-5.903560161590576
far,6899,bottle,8,ship,-7.902405261993408,-5.903560161590576
far,3502,mushroom,6,frog,-7.8940887451171875,-5.903560161590576
far,4863,bowl,8,ship,-7.887639045715332,-5.903560161590576
far,5414,clock,3,cat,-7.862265586853027,-5.903560161590576
far,9681,sunflower,3,cat,-7.851094722747803,-5.903560161590576
far,3579,keyboard,0,airplane,-7.826472282409668,-5.903560161590576
far,3728,bowl,3,cat,-7.825640678405762,-5.903560161590576
far,2510,bottle,3,cat,-7.811710357666016,-5.903560161590576
far,3352,mushroom,2,bird,-7.808811187744141,-5.903560161590576
far,340,bottle,8,ship,-7.793257236480713,-5.903560161590576
far,8406,keyboard,0,airplane,-7.7705512046813965,-5.903560161590576
far,6490,clock,1,automobile,-7.765890598297119,-5.903560161590576
far,9997,mushroom,0,airplane,-7.765726089477539,-5.903560161590576
far,649,clock,9,truck,-7.74728536605835,-5.903560161590576
far,1052,keyboard,3,cat,-7.724477291107178,-5.903560161590576
far,1865,bowl,3,cat,-7.724153995513916,-5.903560161590576
far,4159,chair,2,bird,-7.710819244384766,-5.903560161590576
far,2740,sunflower,2,bird,-7.701213359832764,-5.903560161590576
far,7933,clock,9,truck,-7.697474956512451,-5.903560161590576
far,7499,chair,9,truck,-7.689579486846924,-5.903560161590576
far,2432,wardrobe,9,truck,-7.666324138641357,-5.903560161590576
far,4804,keyboard,7,horse,-7.661316394805908,-5.903560161590576
far,2715,wardrobe,9,truck,-7.649794101715088,-5.903560161590576
far,4214,chair,0,airplane,-7.64621114730835,-5.903560161590576
far,4818,bottle,9,truck,-7.646084785461426,-5.903560161590576
far,1002,wardrobe,3,cat,-7.642706871032715,-5.903560161590576
far,6112,keyboard,3,cat,-7.6403350830078125,-5.903560161590576
far,8531,wardrobe,9,truck,-7.628732681274414,-5.903560161590576
far,8829,mushroom,3,cat,-7.597340106964111,-5.903560161590576
far,4010,chair,0,airplane,-7.595493793487549,-5.903560161590576
far,3293,chair,0,airplane,-7.594860553741455,-5.903560161590576
far,318,bowl,3,cat,-7.581958770751953,-5.903560161590576
far,1454,mushroom,2,bird,-7.571911334991455,-5.903560161590576
far,180,keyboard,0,airplane,-7.5502800941467285,-5.903560161590576
far,4830,bowl,1,automobile,-7.526491641998291,-5.903560161590576
far,3317,chair,0,airplane,-7.523025035858154,-5.903560161590576
far,7828,wardrobe,9,truck,-7.521390914916992,-5.903560161590576
far,1434,chair,0,airplane,-7.517241954803467,-5.903560161590576
far,4245,wardrobe,3,cat,-7.48763370513916,-5.903560161590576
far,4034,wardrobe,9,truck,-7.474716663360596,-5.903560161590576
far,5428,wardrobe,9,truck,-7.430906772613525,-5.903560161590576
far,3337,mushroom,2,bird,-7.4280171394348145,-5.903560161590576
far,2620,mushroom,2,bird,-7.411098003387451,-5.903560161590576
far,9755,bottle,6,frog,-7.399625778198242,-5.903560161590576
far,9431,sunflower,5,dog,-7.378383636474609,-5.903560161590576
far,1508,wardrobe,9,truck,-7.3568501472473145,-5.903560161590576
far,647,wardrobe,3,cat,-7.354767799377441,-5.903560161590576
far,1982,clock,1,automobile,-7.352168560028076,-5.903560161590576
far,4174,clock,3,cat,-7.34406852722168,-5.903560161590576
far,2037,keyboard,3,cat,-7.343862056732178,-5.903560161590576
far,5573,sunflower,6,frog,-7.338255405426025,-5.903560161590576
far,3770,sunflower,2,bird,-7.3188395500183105,-5.903560161590576
far,6777,keyboard,9,truck,-7.310600757598877,-5.903560161590576
far,7181,mushroom,6,frog,-7.30196475982666,-5.903560161590576
far,6602,bottle,8,ship,-7.289646625518799,-5.903560161590576
far,1362,wardrobe,3,cat,-7.273056983947754,-5.903560161590576
far,1484,mushroom,2,bird,-7.272009372711182,-5.903560161590576
far,6845,sunflower,2,bird,-7.264387607574463,-5.903560161590576
far,2545,sunflower,3,cat,-7.264200210571289,-5.903560161590576
far,8470,sunflower,2,bird,-7.2563958168029785,-5.903560161590576
far,2656,bowl,3,cat,-7.254611968994141,-5.903560161590576
far,7787,mushroom,2,bird,-7.225327014923096,-5.903560161590576
far,8312,keyboard,0,airplane,-7.224235534667969,-5.903560161590576
far,7959,clock,0,airplane,-7.207432270050049,-5.903560161590576
far,4981,bottle,8,ship,-7.200271129608154,-5.903560161590576
far,6161,wardrobe,9,truck,-7.198624134063721,-5.903560161590576
far,1495,keyboard,3,cat,-7.196188926696777,-5.903560161590576
far,7192,chair,3,cat,-7.152362823486328,-5.903560161590576
far,439,bowl,3,cat,-7.143799304962158,-5.903560161590576
far,6804,bowl,3,cat,-7.142889499664307,-5.903560161590576
far,5082,wardrobe,9,truck,-7.1291913986206055,-5.903560161590576
far,9736,keyboard,2,bird,-7.1282525062561035,-5.903560161590576
far,2576,chair,9,truck,-7.124089241027832,-5.903560161590576
far,8576,wardrobe,3,cat,-7.1239914894104,-5.903560161590576
far,7654,keyboard,9,truck,-7.095836639404297,-5.903560161590576
far,771,keyboard,7,horse,-7.091468334197998,-5.903560161590576
far,6843,sunflower,6,frog,-7.091377258300781,-5.903560161590576
far,7275,clock,1,automobile,-7.086876392364502,-5.903560161590576
far,1318,bottle,9,truck,-7.082213401794434,-5.903560161590576
far,249,keyboard,0,airplane,-7.077598571777344,-5.903560161590576
far,8378,sunflower,2,bird,-7.071821689605713,-5.903560161590576
far,7868,keyboard,0,airplane,-7.071005344390869,-5.903560161590576
far,2822,bottle,8,ship,-7.065311431884766,-5.903560161590576
far,3015,wardrobe,3,cat,-7.057921886444092,-5.903560161590576
far,5845,clock,0,airplane,-7.040763854980469,-5.903560161590576
far,9209,sunflower,2,bird,-7.033853530883789,-5.903560161590576
far,8740,wardrobe,3,cat,-7.022954940795898,-5.903560161590576
far,378,wardrobe,3,cat,-7.020847320556641,-5.903560161590576
far,2936,clock,3,cat,-7.020406723022461,-5.903560161590576
far,8579,keyboard,3,cat,-7.020224571228027,-5.903560161590576
far,6774,clock,2,bird,-7.009063243865967,-5.903560161590576
far,6419,keyboard,0,airplane,-7.005731582641602,-5.903560161590576
far,1470,wardrobe,3,cat,-7.0053277015686035,-5.903560161590576
far,7604,wardrobe,9,truck,-6.995352268218994,-5.903560161590576
far,823,clock,2,bird,-6.994892597198486,-5.903560161590576
far,1818,sunflower,2,bird,-6.993375301361084,-5.903560161590576
far,6413,wardrobe,9,truck,-6.989389419555664,-5.903560161590576
far,9711,sunflower,2,bird,-6.982930660247803,-5.903560161590576
far,1514,bottle,8,ship,-6.965607166290283,-5.903560161590576
far,4186,chair,0,airplane,-6.95054817199707,-5.903560161590576
far,3683,clock,3,cat,-6.950410842895508,-5.903560161590576
far,7012,bottle,3,cat,-6.933657169342041,-5.903560161590576
far,4475,clock,3,cat,-6.931726932525635,-5.903560161590576
far,2200,mushroom,2,bird,-6.917627811431885,-5.903560161590576
far,8549,mushroom,6,frog,-6.915482997894287,-5.903560161590576
far,3298,keyboard,0,airplane,-6.911563396453857,-5.903560161590576
far,8004,bowl,3,cat,-6.899291038513184,-5.903560161590576
far,2937,mushroom,2,bird,-6.856217384338379,-5.903560161590576
far,157,chair,0,airplane,-6.8492751121521,-5.903560161590576
far,5603,chair,0,airplane,-6.848087787628174,-5.903560161590576
far,2729,keyboard,9,truck,-6.847618103027344,-5.903560161590576
far,1415,wardrobe,9,truck,-6.829471588134766,-5.903560161590576
far,6687,sunflower,2,bird,-6.822282314300537,-5.903560161590576
far,2300,bowl,0,airplane,-6.817932605743408,-5.903560161590576
far,562,chair,9,truck,-6.817292213439941,-5.903560161590576
far,4171,wardrobe,3,cat,-6.805505752563477,-5.903560161590576
far,4325,bottle,1,automobile,-6.792304515838623,-5.903560161590576
far,8707,mushroom,2,bird,-6.784470081329346,-5.903560161590576
far,9533,clock,2,bird,-6.775417804718018,-5.903560161590576
far,9920,sunflower,3,cat,-6.773024559020996,-5.903560161590576
far,4668,chair,0,airplane,-6.766120910644531,-5.903560161590576
far,3730,bowl,3,cat,-6.741064548492432,-5.903560161590576
far,997,bottle,8,ship,-6.730742931365967,-5.903560161590576
far,8804,wardrobe,3,cat,-6.721430778503418,-5.903560161590576
far,5646,mushroom,2,bird,-6.71906042098999,-5.903560161590576
far,6245,chair,0,airplane,-6.7107038497924805,-5.903560161590576
far,2963,bottle,9,truck,-6.709012508392334,-5.903560161590576
far,2965,chair,0,airplane,-6.708419322967529,-5.903560161590576
far,2980,mushroom,2,bird,-6.70779275894165,-5.903560161590576
far,6131,keyboard,9,truck,-6.707594394683838,-5.903560161590576
far,7694,wardrobe,3,cat,-6.705924987792969,-5.903560161590576
far,7437,wardrobe,3,cat,-6.691537380218506,-5.903560161590576
far,3906,bottle,8,ship,-6.687504291534424,-5.903560161590576
far,3203,chair,0,airplane,-6.676167011260986,-5.903560161590576
far,1652,chair,0,airplane,-6.666520118713379,-5.903560161590576
far,5686,bottle,3,cat,-6.665319442749023,-5.903560161590576
far,1641,wardrobe,9,truck,-6.662567615509033,-5.903560161590576
far,6269,clock,3,cat,-6.654881477355957,-5.903560161590576
far,2332,mushroom,2,bird,-6.647843837738037,-5.903560161590576
far,7607,wardrobe,9,truck,-6.606388568878174,-5.903560161590576
far,1525,chair,0,airplane,-6.604136943817139,-5.903560161590576
far,7345,bowl,8,ship,-6.588622570037842,-5.903560161590576
far,7982,chair,3,cat,-6.586986541748047,-5.903560161590576
far,2038,sunflower,9,truck,-6.58600378036499,-5.903560161590576
far,6981,clock,8,ship,-6.576289176940918,-5.903560161590576
far,4734,wardrobe,3,cat,-6.565237045288086,-5.903560161590576
far,6152,mushroom,4,deer,-6.5628204345703125,-5.903560161590576
far,3053,wardrobe,9,truck,-6.528380870819092,-5.903560161590576
far,1560,clock,3,cat,-6.4946608543396,-5.903560161590576
far,5083,bowl,5,dog,-6.482221603393555,-5.903560161590576
far,6729,mushroom,2,bird,-6.474864482879639,-5.903560161590576
far,5981,bottle,3,cat,-6.472184181213379,-5.903560161590576
far,8644,bottle,6,frog,-6.469934463500977,-5.903560161590576
far,7776,sunflower,2,bird,-6.452891826629639,-5.903560161590576
far,7428,bowl,8,ship,-6.4528703689575195,-5.903560161590576
far,3742,mushroom,3,cat,-6.452221870422363,-5.903560161590576
far,9056,chair,0,airplane,-6.445167064666748,-5.903560161590576
far,2108,chair,0,airplane,-6.431543827056885,-5.903560161590576
far,4910,wardrobe,3,cat,-6.40850830078125,-5.903560161590576
far,4631,wardrobe,3,cat,-6.407639503479004,-5.903560161590576
far,7259,bottle,9,truck,-6.405962944030762,-5.903560161590576
far,9558,clock,1,automobile,-6.402801990509033,-5.903560161590576
far,8472,keyboard,0,airplane,-6.373300552368164,-5.903560161590576
far,865,bowl,3,cat,-6.3678083419799805,-5.903560161590576
far,8036,clock,9,truck,-6.355045795440674,-5.903560161590576
far,8785,sunflower,5,dog,-6.353344917297363,-5.903560161590576
far,4031,wardrobe,9,truck,-6.35207462310791,-5.903560161590576
far,3409,chair,0,airplane,-6.333488941192627,-5.903560161590576
far,5768,clock,3,cat,-6.332030773162842,-5.903560161590576
far,5333,wardrobe,9,truck,-6.315210819244385,-5.903560161590576
far,3232,bottle,8,ship,-6.291671276092529,-5.903560161590576
far,1875,clock,5,dog,-6.283675193786621,-5.903560161590576
far,1927,clock,9,truck,-6.282554626464844,-5.903560161590576
far,2005,mushroom,0,airplane,-6.279993534088135,-5.903560161590576
far,6089,bottle,8,ship,-6.259401798248291,-5.903560161590576
far,7785,mushroom,5,dog,-6.257839202880859,-5.903560161590576
far,1130,bottle,9,truck,-6.248873710632324,-5.903560161590576
far,9052,bottle,9,truck,-6.232702255249023,-5.903560161590576
far,6783,wardrobe,9,truck,-6.227986812591553,-5.903560161590576
far,4259,chair,0,airplane,-6.225439548492432,-5.903560161590576
far,6863,wardrobe,3,cat,-6.2204108238220215,-5.903560161590576
far,7989,sunflower,2,bird,-6.2161359786987305,-5.903560161590576
far,4206,clock,1,automobile,-6.206515789031982,-5.903560161590576
far,3863,bowl,8,ship,-6.2020487785339355,-5.903560161590576
far,8881,sunflower,5,dog,-6.19775390625,-5.903560161590576
far,2134,wardrobe,9,truck,-6.1930012702941895,-5.903560161590576
far,9262,keyboard,0,airplane,-6.189863681793213,-5.903560161590576
far,2811,sunflower,6,frog,-6.1885576248168945,-5.903560161590576
far,9967,bottle,5,dog,-6.17072868347168,-5.903560161590576
far,9433,sunflower,4,deer,-6.162988185882568,-5.903560161590576
far,1789,chair,2,bird,-6.160295486450195,-5.903560161590576
far,5810,bottle,8,ship,-6.159478664398193,-5.903560161590576
far,3787,wardrobe,3,cat,-6.15730094909668,-5.903560161590576
far,9766,keyboard,3,cat,-6.153146743774414,-5.903560161590576
far,4382,wardrobe,3,cat,-6.149243354797363,-5.903560161590576
far,2152,chair,2,bird,-6.148647785186768,-5.903560161590576
far,8788,mushroom,2,bird,-6.139934539794922,-5.903560161590576
far,7104,mushroom,5,dog,-6.125969409942627,-5.903560161590576
far,874,bowl,1,automobile,-6.124744415283203,-5.903560161590576
far,1175,mushroom,5,dog,-6.123572826385498,-5.903560161590576
far,8317,bottle,3,cat,-6.1163787841796875,-5.903560161590576
far,3378,wardrobe,3,cat,-6.106477737426758,-5.903560161590576
far,6734,keyboard,9,truck,-6.104789733886719,-5.903560161590576
far,880,chair,3,cat,-6.100439071655273,-5.903560161590576
far,8666,chair,2,bird,-6.098857879638672,-5.903560161590576
far,3039,mushroom,6,frog,-6.098045349121094,-5.903560161590576
far,1909,wardrobe,3,cat,-6.097667217254639,-5.903560161590576
far,1930,clock,0,airplane,-6.091022968292236,-5.903560161590576
far,8812,bottle,1,automobile,-6.090686798095703,-5.903560161590576
far,6809,wardrobe,3,cat,-6.081543445587158,-5.903560161590576
far,7060,mushroom,6,frog,-6.073380470275879,-5.903560161590576
far,3350,bottle,9,truck,-6.062835216522217,-5.903560161590576
far,734,wardrobe,3,cat,-6.057930946350098,-5.903560161590576
far,786,clock,1,automobile,-6.050929069519043,-5.903560161590576
far,9857,bottle,9,truck,-6.044821739196777,-5.903560161590576
far,2189,clock,6,frog,-6.04481315612793,-5.903560161590576
far,6965,mushroom,3,cat,-6.040852069854736,-5.903560161590576
far,9089,chair,0,airplane,-6.036947727203369,-5.903560161590576
far,3806,wardrobe,3,cat,-6.0321044921875,-5.903560161590576
far,4800,keyboard,3,cat,-6.029696464538574,-5.903560161590576
far,1760,mushroom,2,bird,-6.0004706382751465,-5.903560161590576
far,1610,chair,3,cat,-5.974009990692139,-5.903560161590576
far,5666,wardrobe,3,cat,-5.973674774169922,-5.903560161590576
far,2989,sunflower,5,dog,-5.963647842407227,-5.903560161590576
far,2428,bottle,3,cat,-5.963089942932129,-5.903560161590576
far,3962,mushroom,3,cat,-5.9625349044799805,-5.903560161590576
far,2213,clock,3,cat,-5.957336902618408,-5.903560161590576
far,3149,wardrobe,9,truck,-5.955910682678223,-5.903560161590576
far,6215,mushroom,6,frog,-5.945287704467773,-5.903560161590576
far,2790,bowl,0,airplane,-5.941020488739014,-5.903560161590576
far,7406,bottle,2,bird,-5.933780193328857,-5.903560161590576
far,5643,wardrobe,3,cat,-5.921225547790527,-5.903560161590576
near,7133,bus,9,truck,-11.826656341552734,-5.903560161590576
near,6116,bus,9,truck,-11.735547065734863,-5.903560161590576
near,2064,wolf,5,dog,-11.731189727783203,-5.903560161590576
near,4316,pickup_truck,9,truck,-11.55223274230957,-5.903560161590576
near,8731,fox,3,cat,-11.3674955368042,-5.903560161590576
near,4234,camel,4,deer,-11.356701850891113,-5.903560161590576
near,2832,bus,9,truck,-11.336137771606445,-5.903560161590576
near,5853,bus,9,truck,-11.26394271850586,-5.903560161590576
near,5762,camel,2,bird,-11.199873924255371,-5.903560161590576
near,959,fox,5,dog,-11.179773330688477,-5.903560161590576
near,9081,pickup_truck,1,automobile,-11.127338409423828,-5.903560161590576
near,1662,bus,9,truck,-11.101360321044922,-5.903560161590576
near,3644,fox,4,deer,-11.015135765075684,-5.903560161590576
near,1034,bus,9,truck,-11.008674621582031,-5.903560161590576
near,4506,pickup_truck,1,automobile,-10.96977710723877,-5.903560161590576
near,5748,bus,9,truck,-10.956260681152344,-5.903560161590576
near,6339,bus,9,truck,-10.920534133911133,-5.903560161590576
near,9232,bus,9,truck,-10.844902038574219,-5.903560161590576
near,5078,wolf,5,dog,-10.674673080444336,-5.903560161590576
near,4296,bus,9,truck,-10.672616004943848,-5.903560161590576
near,1060,camel,7,horse,-10.661347389221191,-5.903560161590576
near,7658,pickup_truck,1,automobile,-10.655458450317383,-5.903560161590576
near,7389,pickup_truck,1,automobile,-10.637807846069336,-5.903560161590576
near,5654,bus,1,automobile,-10.632397651672363,-5.903560161590576
near,4173,bus,9,truck,-10.630447387695312,-5.903560161590576
near,5201,bus,9,truck,-10.625602722167969,-5.903560161590576
near,5163,bus,9,truck,-10.618890762329102,-5.903560161590576
near,3538,wolf,5,dog,-10.612488746643066,-5.903560161590576
near,9261,leopard,6,frog,-10.603795051574707,-5.903560161590576
near,1478,bus,9,truck,-10.573322296142578,-5.903560161590576
near,4515,pickup_truck,1,automobile,-10.539490699768066,-5.903560161590576
near,766,bus,9,truck,-10.52696418762207,-5.903560161590576
near,3755,bus,9,truck,-10.496696472167969,-5.903560161590576
near,7812,bus,9,truck,-10.483588218688965,-5.903560161590576
near,2719,bus,9,truck,-10.469598770141602,-5.903560161590576
near,5025,tractor,9,truck,-10.45785903930664,-5.903560161590576
near,1882,camel,5,dog,-10.451665878295898,-5.903560161590576
near,8405,fox,4,deer,-10.446356773376465,-5.903560161590576
near,8085,bus,9,truck,-10.38564395904541,-5.903560161590576
near,3026,bus,9,truck,-10.37670612335205,-5.903560161590576
near,7980,wolf,5,dog,-10.361250877380371,-5.903560161590576
near,6163,fox,4,deer,-10.343035697937012,-5.903560161590576
near,193,bus,9,truck,-10.342771530151367,-5.903560161590576
near,8655,bus,9,truck,-10.326674461364746,-5.903560161590576
near,255,wolf,3,cat,-10.322195053100586,-5.903560161590576
near,6653,pickup_truck,1,automobile,-10.31524658203125,-5.903560161590576
near,4971,leopard,3,cat,-10.286280632019043,-5.903560161590576
near,1271,bus,9,truck,-10.284221649169922,-5.903560161590576
near,3197,bus,9,truck,-10.227228164672852,-5.903560161590576
near,4185,bus,9,truck,-10.145816802978516,-5.903560161590576
near,8143,camel,3,cat,-10.135958671569824,-5.903560161590576
near,9835,bus,9,truck,-10.133584976196289,-5.903560161590576
near,94,bus,9,truck,-10.119524955749512,-5.903560161590576
near,4663,tractor,9,truck,-10.070035934448242,-5.903560161590576
near,6712,bus,9,truck,-10.049973487854004,-5.903560161590576
near,8324,leopard,3,cat,-10.045222282409668,-5.903560161590576
near,9388,pickup_truck,1,automobile,-10.044621467590332,-5.903560161590576
near,4335,pickup_truck,9,truck,-10.040762901306152,-5.903560161590576
near,6418,camel,4,deer,-10.040026664733887,-5.903560161590576
near,6816,fox,5,dog,-10.039710998535156,-5.903560161590576
near,4870,pickup_truck,1,automobile,-10.03960132598877,-5.903560161590576
near,3487,wolf,5,dog,-10.025594711303711,-5.903560161590576
near,9110,camel,7,horse,-10.01248550415039,-5.903560161590576
near,5399,leopard,3,cat,-9.988104820251465,-5.903560161590576
near,4307,bus,9,truck,-9.972851753234863,-5.903560161590576
near,9453,fox,3,cat,-9.963213920593262,-5.903560161590576
near,9187,leopard,3,cat,-9.960817337036133,-5.903560161590576
near,9406,leopard,3,cat,-9.960115432739258,-5.903560161590576
near,6162,fox,3,cat,-9.944050788879395,-5.903560161590576
near,8904,leopard,6,frog,-9.94251823425293,-5.903560161590576
near,9878,pickup_truck,1,automobile,-9.906218528747559,-5.903560161590576
near,1572,camel,4,deer,-9.889466285705566,-5.903560161590576
near,4588,pickup_truck,1,automobile,-9.871967315673828,-5.903560161590576
near,6055,leopard,3,cat,-9.860939025878906,-5.903560161590576
near,9575,leopard,6,frog,-9.857514381408691,-5.903560161590576
near,9142,camel,7,horse,-9.838493347167969,-5.903560161590576
near,353,pickup_truck,1,automobile,-9.835474967956543,-5.903560161590576
near,2603,pickup_truck,1,automobile,-9.825721740722656,-5.903560161590576
near,5009,pickup_truck,1,automobile,-9.803821563720703,-5.903560161590576
near,6430,tractor,9,truck,-9.76833724975586,-5.903560161590576
near,957,bus,9,truck,-9.76344108581543,-5.903560161590576
near,1489,bus,9,truck,-9.745935440063477,-5.903560161590576
near,4285,wolf,5,dog,-9.743559837341309,-5.903560161590576
near,720,wolf,5,dog,-9.737992286682129,-5.903560161590576
near,8996,tractor,8,ship,-9.736096382141113,-5.903560161590576
near,7962,pickup_truck,9,truck,-9.704957962036133,-5.903560161590576
near,4104,bus,0,airplane,-9.683258056640625,-5.903560161590576
near,2102,wolf,2,bird,-9.675626754760742,-5.903560161590576
near,1985,bus,1,automobile,-9.672927856445312,-5.903560161590576
near,2591,bus,9,truck,-9.662858963012695,-5.903560161590576
near,9927,pickup_truck,1,automobile,-9.66117000579834,-5.903560161590576
near,5008,pickup_truck,1,automobile,-9.635534286499023,-5.903560161590576
near,4889,fox,7,horse,-9.624484062194824,-5.903560161590576
near,7087,wolf,3,cat,-9.614750862121582,-5.903560161590576
near,5550,tractor,9,truck,-9.61396598815918,-5.903560161590576
near,3104,leopard,3,cat,-9.611871719360352,-5.903560161590576
near,3760,fox,3,cat,-9.609039306640625,-5.903560161590576
near,1345,wolf,3,cat,-9.599870681762695,-5.903560161590576
near,3276,bus,9,truck,-9.591349601745605,-5.903560161590576
near,6279,motorcycle,1,automobile,-9.582409858703613,-5.903560161590576
near,2946,camel,5,dog,-9.57157039642334,-5.903560161590576
near,2100,pickup_truck,1,automobile,-9.558333396911621,-5.903560161590576
near,351,fox,3,cat,-9.555376052856445,-5.903560161590576
near,4881,pickup_truck,1,automobile,-9.548392295837402,-5.903560161590576
near,6967,wolf,5,dog,-9.538825035095215,-5.903560161590576
near,2665,bus,9,truck,-9.524431228637695,-5.903560161590576
near,7225,fox,3,cat,-9.51841926574707,-5.903560161590576
near,9231,wolf,3,cat,-9.51049518585205,-5.903560161590576
near,9368,pickup_truck,9,truck,-9.49956226348877,-5.903560161590576
near,156,pickup_truck,9,truck,-9.486612319946289,-5.903560161590576
near,1445,bus,9,truck,-9.485692024230957,-5.903560161590576
near,7135,wolf,5,dog,-9.48099422454834,-5.903560161590576
near,3630,pickup_truck,9,truck,-9.45833969116211,-5.903560161590576
near,5110,pickup_truck,1,automobile,-9.444504737854004,-5.903560161590576
near,4264,fox,4,deer,-9.440315246582031,-5.903560161590576
near,578,pickup_truck,1,automobile,-9.427480697631836,-5.903560161590576
near,8953,pickup_truck,1,automobile,-9.423810005187988,-5.903560161590576
near,9058,leopard,6,frog,-9.408597946166992,-5.903560161590576
near,7559,pickup_truck,1,automobile,-9.404301643371582,-5.903560161590576
near,9447,pickup_truck,1,automobile,-9.398530006408691,-5.903560161590576
near,897,wolf,3,cat,-9.396329879760742,-5.903560161590576
near,2882,pickup_truck,1,automobile,-9.378022193908691,-5.903560161590576
near,1327,pickup_truck,1,automobile,-9.37723445892334,-5.903560161590576
near,8609,bus,9,truck,-9.37166976928711,-5.903560161590576
near,2340,wolf,3,cat,-9.365234375,-5.903560161590576
near,9039,tractor,9,truck,-9.33318042755127,-5.903560161590576
near,5495,tractor,9,truck,-9.325197219848633,-5.903560161590576
near,1026,wolf,5,dog,-9.321385383605957,-5.903560161590576
near,1212,pickup_truck,1,automobile,-9.312273979187012,-5.903560161590576
near,7279,fox,3,cat,-9.277989387512207,-5.903560161590576
near,7248,fox,5,dog,-9.269035339355469,-5.903560161590576
near,5184,bus,9,truck,-9.261674880981445,-5.903560161590576
near,4341,fox,0,airplane,-9.245771408081055,-5.903560161590576
near,7308,wolf,5,dog,-9.233195304870605,-5.903560161590576
near,809,wolf,5,dog,-9.230244636535645,-5.903560161590576
near,8150,fox,3,cat,-9.212519645690918,-5.903560161590576
near,6807,tractor,9,truck,-9.209202766418457,-5.903560161590576
near,5732,pickup_truck,1,automobile,-9.203573226928711,-5.903560161590576
near,2843,bus,9,truck,-9.19837474822998,-5.903560161590576
near,4691,tractor,9,truck,-9.162137985229492,-5.903560161590576
near,5572,motorcycle,1,automobile,-9.161898612976074,-5.903560161590576
near,6930,tractor,9,truck,-9.14303207397461,-5.903560161590576
near,3608,fox,3,cat,-9.141092300415039,-5.903560161590576
near,5149,pickup_truck,9,truck,-9.125555038452148,-5.903560161590576
near,1227,fox,3,cat,-9.11822509765625,-5.903560161590576
near,6866,tractor,9,truck,-9.117338180541992,-5.903560161590576
near,4602,wolf,5,dog,-9.105901718139648,-5.903560161590576
near,2826,wolf,4,deer,-9.103547096252441,-5.903560161590576
near,9790,wolf,3,cat,-9.096699714660645,-5.903560161590576
near,8455,pickup_truck,1,automobile,-9.077848434448242,-5.903560161590576
near,921,tractor,9,truck,-9.053443908691406,-5.903560161590576
near,8715,fox,3,cat,-9.041110038757324,-5.903560161590576
near,8713,wolf,5,dog,-9.02626895904541,-5.903560161590576
near,9965,wolf,5,dog,-9.011931419372559,-5.903560161590576
near,2834,camel,7,horse,-9.007973670959473,-5.903560161590576
near,2842,wolf,3,cat,-9.004337310791016,-5.903560161590576
near,8966,pickup_truck,1,automobile,-9.003830909729004,-5.903560161590576
near,9572,bus,9,truck,-8.999723434448242,-5.903560161590576
near,8648,camel,2,bird,-8.99777889251709,-5.903560161590576
near,4621,fox,4,deer,-8.995841979980469,-5.903560161590576
near,4586,bus,1,automobile,-8.978445053100586,-5.903560161590576
near,2144,tractor,9,truck,-8.972956657409668,-5.903560161590576
near,1423,camel,5,dog,-8.968490600585938,-5.903560161590576
near,7376,bus,9,truck,-8.964951515197754,-5.903560161590576
near,1145,pickup_truck,1,automobile,-8.960864067077637,-5.903560161590576
near,214,wolf,3,cat,-8.938742637634277,-5.903560161590576
near,2219,wolf,5,dog,-8.93607234954834,-5.903560161590576
near,7582,wolf,4,deer,-8.9274263381958,-5.903560161590576
near,8695,leopard,6,frog,-8.923707962036133,-5.903560161590576
near,6417,camel,2,bird,-8.913941383361816,-5.903560161590576
near,4320,leopard,3,cat,-8.894110679626465,-5.903560161590576
near,9019,tractor,9,truck,-8.88968276977539,-5.903560161590576
near,9429,pickup_truck,1,automobile,-8.885481834411621,-5.903560161590576
near,5455,camel,7,horse,-8.87295913696289,-5.903560161590576
near,9587,wolf,3,cat,-8.872225761413574,-5.903560161590576
near,939,wolf,5,dog,-8.856898307800293,-5.903560161590576
near,6398,tractor,9,truck,-8.853181838989258,-5.903560161590576
near,1260,tractor,9,truck,-8.852313995361328,-5.903560161590576
near,7508,bus,9,truck,-8.850650787353516,-5.903560161590576
near,4255,fox,4,deer,-8.845017433166504,-5.903560161590576
near,9318,leopard,3,cat,-8.831703186035156,-5.903560161590576
near,7441,bus,9,truck,-8.82296371459961,-5.903560161590576
near,8391,pickup_truck,9,truck,-8.817980766296387,-5.903560161590576
near,2051,camel,7,horse,-8.814200401306152,-5.903560161590576
near,3484,tractor,9,truck,-8.808184623718262,-5.903560161590576
near,7816,bus,9,truck,-8.744088172912598,-5.903560161590576
near,1913,pickup_truck,9,truck,-8.74356460571289,-5.903560161590576
near,7207,pickup_truck,1,automobile,-8.742424964904785,-5.903560161590576
near,1994,leopard,6,frog,-8.73606014251709,-5.903560161590576
near,4821,pickup_truck,1,automobile,-8.721503257751465,-5.903560161590576
near,5698,leopard,6,frog,-8.718123435974121,-5.903560161590576
near,321,tractor,9,truck,-8.7086820602417,-5.903560161590576
near,4238,leopard,5,dog,-8.704989433288574,-5.903560161590576
near,7564,fox,5,dog,-8.691243171691895,-5.903560161590576
near,6574,pickup_truck,1,automobile,-8.688309669494629,-5.903560161590576
near,6616,camel,5,dog,-8.686591148376465,-5.903560161590576
near,1568,pickup_truck,1,automobile,-8.684005737304688,-5.903560161590576
near,4610,tractor,9,truck,-8.67597770690918,-5.903560161590576
near,5634,bus,9,truck,-8.674760818481445,-5.903560161590576
near,5756,pickup_truck,1,automobile,-8.674689292907715,-5.903560161590576
near,4378,wolf,5,dog,-8.654623985290527,-5.903560161590576
near,2321,pickup_truck,1,automobile,-8.638396263122559,-5.903560161590576
near,6178,wolf,5,dog,-8.622546195983887,-5.903560161590576
near,9930,bus,1,automobile,-8.622212409973145,-5.903560161590576
near,3877,wolf,3,cat,-8.603713035583496,-5.903560161590576
near,2123,tractor,9,truck,-8.602289199829102,-5.903560161590576
near,6552,wolf,3,cat,-8.595808029174805,-5.903560161590576
near,945,leopard,6,frog,-8.594250679016113,-5.903560161590576
near,3913,tractor,9,truck,-8.593425750732422,-5.903560161590576
near,4441,fox,5,dog,-8.572957038879395,-5.903560161590576
near,3732,motorcycle,9,truck,-8.565751075744629,-5.903560161590576
near,6160,wolf,3,cat,-8.560194969177246,-5.903560161590576
near,460,pickup_truck,1,automobile,-8.55515193939209,-5.903560161590576
near,9266,camel,5,dog,-8.549967765808105,-5.903560161590576
near,8958,bus,1,automobile,-8.545685768127441,-5.903560161590576
near,9288,tractor,9,truck,-8.541109085083008,-5.903560161590576
near,2484,bus,9,truck,-8.535468101501465,-5.903560161590576
near,3532,tractor,9,truck,-8.517095565795898,-5.903560161590576
near,1133,fox,4,deer,-8.504544258117676,-5.903560161590576
near,6924,leopard,6,frog,-8.497442245483398,-5.903560161590576
near,3927,wolf,5,dog,-8.48690128326416,-5.903560161590576
near,6395,leopard,6,frog,-8.486628532409668,-5.903560161590576
near,2203,bus,1,automobile,-8.470973014831543,-5.903560161590576
near,1864,tractor,9,truck,-8.439861297607422,-5.903560161590576
near,4225,wolf,6,frog,-8.438262939453125,-5.903560161590576
near,5129,pickup_truck,1,automobile,-8.423171997070312,-5.903560161590576
near,6730,motorcycle,0,airplane,-8.413287162780762,-5.903560161590576
near,8503,pickup_truck,1,automobile,-8.41220474243164,-5.903560161590576
near,507,pickup_truck,9,truck,-8.411025047302246,-5.903560161590576
near,1404,motorcycle,3,cat,-8.402486801147461,-5.903560161590576
near,3236,bus,1,automobile,-8.378256797790527,-5.903560161590576
near,7900,pickup_truck,1,automobile,-8.367640495300293,-5.903560161590576
near,6176,bus,9,truck,-8.336028099060059,-5.903560161590576
near,5015,bus,9,truck,-8.32135009765625,-5.903560161590576
near,6343,motorcycle,9,truck,-8.304871559143066,-5.903560161590576
near,1432,fox,5,dog,-8.288556098937988,-5.903560161590576
near,8780,camel,7,horse,-8.285094261169434,-5.903560161590576
near,58,leopard,3,cat,-8.275388717651367,-5.903560161590576
near,4003,fox,4,deer,-8.265639305114746,-5.903560161590576
near,5738,pickup_truck,1,automobile,-8.263718605041504,-5.903560161590576
near,4519,camel,2,bird,-8.24351692199707,-5.903560161590576
near,995,tractor,9,truck,-8.237834930419922,-5.903560161590576
near,9238,leopard,6,frog,-8.212486267089844,-5.903560161590576
near,9504,pickup_truck,9,truck,-8.201399803161621,-5.903560161590576
near,9942,wolf,5,dog,-8.16904067993164,-5.903560161590576
near,5568,pickup_truck,1,automobile,-8.152722358703613,-5.903560161590576
near,3136,fox,3,cat,-8.152548789978027,-5.903560161590576
near,4464,bus,9,truck,-8.14944839477539,-5.903560161590576
near,8082,pickup_truck,1,automobile,-8.137589454650879,-5.903560161590576
near,6469,fox,3,cat,-8.12336540222168,-5.903560161590576
near,5781,wolf,3,cat,-8.11818790435791,-5.903560161590576
near,9259,tractor,9,truck,-8.093456268310547,-5.903560161590576
near,7875,wolf,3,cat,-8.07968807220459,-5.903560161590576
near,2618,wolf,3,cat,-8.077898979187012,-5.903560161590576
near,9704,tractor,9,truck,-8.07473373413086,-5.903560161590576
near,2647,leopard,6,frog,-8.043904304504395,-5.903560161590576
near,2337,wolf,7,horse,-8.042573928833008,-5.903560161590576
near,2956,tractor,9,truck,-8.040319442749023,-5.903560161590576
near,6447,wolf,3,cat,-8.035809516906738,-5.903560161590576
near,9880,pickup_truck,9,truck,-8.025991439819336,-5.903560161590576
near,717,camel,7,horse,-8.014145851135254,-5.903560161590576
near,9546,bus,9,truck,-8.01152229309082,-5.903560161590576
near,3655,pickup_truck,1,automobile,-8.009404182434082,-5.903560161590576
near,149,pickup_truck,1,automobile,-8.00940227508545,-5.903560161590576
near,5932,pickup_truck,9,truck,-8.00565242767334,-5.903560161590576
near,1184,camel,4,deer,-7.988591194152832,-5.903560161590576
near,3731,wolf,5,dog,-7.982322692871094,-5.903560161590576
near,3177,tractor,9,truck,-7.9811110496521,-5.903560161590576
near,1425,fox,4,deer,-7.978818893432617,-5.903560161590576
near,4998,bus,9,truck,-7.978734493255615,-5.903560161590576
near,5832,fox,4,deer,-7.973221302032471,-5.903560161590576
near,769,camel,0,airplane,-7.966495037078857,-5.903560161590576
near,2012,pickup_truck,9,truck,-7.9648542404174805,-5.903560161590576
near,7884,tractor,8,ship,-7.9601287841796875,-5.903560161590576
near,2544,fox,4,deer,-7.946084976196289,-5.903560161590576
near,8187,fox,3,cat,-7.941755771636963,-5.903560161590576
near,5114,motorcycle,9,truck,-7.936608791351318,-5.903560161590576
near,6693,fox,4,deer,-7.9357147216796875,-5.903560161590576
near,6561,wolf,3,cat,-7.93171501159668,-5.903560161590576
near,3558,motorcycle,1,automobile,-7.922989368438721,-5.903560161590576
near,7028,wolf,3,cat,-7.918034076690674,-5.903560161590576
near,7750,camel,2,bird,-7.917962551116943,-5.903560161590576
near,7375,wolf,3,cat,-7.911160945892334,-5.903560161590576
near,3478,bus,9,truck,-7.900038242340088,-5.903560161590576
near,5819,leopard,3,cat,-7.88169002532959,-5.903560161590576
near,471,wolf,3,cat,-7.86505126953125,-5.903560161590576
near,1464,motorcycle,9,truck,-7.863687038421631,-5.903560161590576
near,2019,bus,1,automobile,-7.862988471984863,-5.903560161590576
near,3933,pickup_truck,1,automobile,-7.844091892242432,-5.903560161590576
near,4387,pickup_truck,9,truck,-7.841549396514893,-5.903560161590576
near,1324,leopard,6,frog,-7.839251518249512,-5.903560161590576
near,6791,bus,0,airplane,-7.83815336227417,-5.903560161590576
near,803,pickup_truck,1,automobile,-7.835788726806641,-5.903560161590576
near,7752,wolf,3,cat,-7.816920280456543,-5.903560161590576
near,8535,wolf,5,dog,-7.805147171020508,-5.903560161590576
near,5285,camel,5,dog,-7.8038530349731445,-5.903560161590576
near,5327,tractor,9,truck,-7.802077293395996,-5.903560161590576
near,8693,pickup_truck,9,truck,-7.799835681915283,-5.903560161590576
near,4435,camel,5,dog,-7.799631118774414,-5.903560161590576
near,3887,bus,9,truck,-7.79916524887085,-5.903560161590576
near,8418,wolf,3,cat,-7.7928466796875,-5.903560161590576
near,6075,pickup_truck,1,automobile,-7.787330150604248,-5.903560161590576
near,5293,camel,7,horse,-7.775537014007568,-5.903560161590576
near,2518,fox,4,deer,-7.775470733642578,-5.903560161590576
near,4434,bus,9,truck,-7.7750935554504395,-5.903560161590576
near,6401,leopard,6,frog,-7.769866466522217,-5.903560161590576
near,1570,leopard,3,cat,-7.7697272300720215,-5.903560161590576
near,5291,wolf,5,dog,-7.768705368041992,-5.903560161590576
near,9345,motorcycle,9,truck,-7.7542901039123535,-5.903560161590576
near,5142,leopard,3,cat,-7.752127647399902,-5.903560161590576
near,5425,wolf,5,dog,-7.751965522766113,-5.903560161590576
near,9815,bus,1,automobile,-7.746208190917969,-5.903560161590576
near,8717,bus,9,truck,-7.742429256439209,-5.903560161590576
near,9377,pickup_truck,1,automobile,-7.737159729003906,-5.903560161590576
near,7471,motorcycle,3,cat,-7.731826305389404,-5.903560161590576
near,5317,pickup_truck,1,automobile,-7.726637363433838,-5.903560161590576
near,1328,leopard,3,cat,-7.724824905395508,-5.903560161590576
near,7412,leopard,6,frog,-7.714108943939209,-5.903560161590576
near,3613,wolf,5,dog,-7.703481197357178,-5.903560161590576
near,3074,leopard,6,frog,-7.688699722290039,-5.903560161590576
near,8334,leopard,6,frog,-7.663730144500732,-5.903560161590576
near,7427,leopard,3,cat,-7.662973880767822,-5.903560161590576
near,2678,leopard,3,cat,-7.661911487579346,-5.903560161590576
near,796,pickup_truck,9,truck,-7.644652366638184,-5.903560161590576
near,2698,bus,9,truck,-7.638870716094971,-5.903560161590576
near,8023,bus,9,truck,-7.616990566253662,-5.903560161590576
near,259,leopard,3,cat,-7.60733699798584,-5.903560161590576
near,5696,tractor,9,truck,-7.6037468910217285,-5.903560161590576
near,5016,leopard,4,deer,-7.603281021118164,-5.903560161590576
near,3379,leopard,3,cat,-7.582228660583496,-5.903560161590576
near,4201,bus,9,truck,-7.5800557136535645,-5.903560161590576
near,9030,pickup_truck,1,automobile,-7.578775882720947,-5.903560161590576
near,5031,wolf,3,cat,-7.567544937133789,-5.903560161590576
near,3908,fox,3,cat,-7.5527729988098145,-5.903560161590576
near,4731,tractor,9,truck,-7.5433783531188965,-5.903560161590576
near,4463,pickup_truck,1,automobile,-7.534714698791504,-5.903560161590576
near,9768,wolf,3,cat,-7.506360054016113,-5.903560161590576
near,6132,wolf,3,cat,-7.501260280609131,-5.903560161590576
near,8126,bus,1,automobile,-7.492978096008301,-5.903560161590576
near,6010,wolf,4,deer,-7.490318775177002,-5.903560161590576
near,9676,pickup_truck,1,automobile,-7.4743475914001465,-5.903560161590576
near,1081,tractor,9,truck,-7.472999095916748,-5.903560161590576
near,8109,fox,4,deer,-7.461748123168945,-5.903560161590576
near,2556,pickup_truck,9,truck,-7.452647686004639,-5.903560161590576
near,3817,wolf,5,dog,-7.447878360748291,-5.903560161590576
near,8618,fox,5,dog,-7.445377826690674,-5.903560161590576
near,6652,wolf,5,dog,-7.430842399597168,-5.903560161590576
near,8604,camel,4,deer,-7.425528526306152,-5.903560161590576
near,6914,motorcycle,9,truck,-7.424723148345947,-5.903560161590576
near,4943,leopard,4,deer,-7.423972129821777,-5.903560161590576
near,17,wolf,3,cat,-7.420977592468262,-5.903560161590576
near,5084,fox,3,cat,-7.414012908935547,-5.903560161590576
near,5029,camel,4,deer,-7.413246154785156,-5.903560161590576
near,5486,motorcycle,1,automobile,-7.407038688659668,-5.903560161590576
near,5896,fox,2,bird,-7.390904426574707,-5.903560161590576
near,3376,motorcycle,1,automobile,-7.38574743270874,-5.903560161590576
near,8329,tractor,9,truck,-7.371434211730957,-5.903560161590576
near,2835,wolf,5,dog,-7.362837314605713,-5.903560161590576
near,5458,leopard,5,dog,-7.361902713775635,-5.903560161590576
near,5893,pickup_truck,1,automobile,-7.356330394744873,-5.903560161590576
near,2948,camel,4,deer,-7.313412189483643,-5.903560161590576
near,2396,pickup_truck,1,automobile,-7.3001227378845215,-5.903560161590576
near,8141,tractor,9,truck,-7.295369625091553,-5.903560161590576
near,283,tractor,9,truck,-7.295321941375732,-5.903560161590576
near,2911,tractor,8,ship,-7.2920684814453125,-5.903560161590576
near,3346,leopard,3,cat,-7.280768394470215,-5.903560161590576
near,9252,bus,9,truck,-7.263789653778076,-5.903560161590576
near,7407,leopard,3,cat,-7.26159143447876,-5.903560161590576
near,2570,leopard,3,cat,-7.260193824768066,-5.903560161590576
near,2435,fox,3,cat,-7.225296497344971,-5.903560161590576
near,653,wolf,3,cat,-7.223814010620117,-5.903560161590576
near,3849,wolf,3,cat,-7.223529815673828,-5.903560161590576
near,7078,leopard,3,cat,-7.2104573249816895,-5.903560161590576
near,4404,tractor,9,truck,-7.200093746185303,-5.903560161590576
near,5818,tractor,7,horse,-7.180154323577881,-5.903560161590576
near,7119,pickup_truck,9,truck,-7.178244590759277,-5.903560161590576
near,2415,camel,4,deer,-7.16358757019043,-5.903560161590576
near,8663,bus,9,truck,-7.151318550109863,-5.903560161590576
near,7503,fox,5,dog,-7.151187419891357,-5.903560161590576
near,2828,fox,3,cat,-7.149054527282715,-5.903560161590576
near,5449,leopard,6,frog,-7.143869400024414,-5.903560161590576
near,2349,fox,4,deer,-7.142159938812256,-5.903560161590576
near,7495,leopard,4,deer,-7.141136646270752,-5.903560161590576
near,7974,leopard,3,cat,-7.136833667755127,-5.903560161590576
near,669,fox,4,deer,-7.133172035217285,-5.903560161590576
near,8634,wolf,3,cat,-7.128985404968262,-5.903560161590576
near,3985,camel,4,deer,-7.116744041442871,-5.903560161590576
near,150,pickup_truck,9,truck,-7.108541011810303,-5.903560161590576
near,1843,leopard,4,deer,-7.105964660644531,-5.903560161590576
near,47,pickup_truck,9,truck,-7.10231876373291,-5.903560161590576
near,9205,motorcycle,1,automobile,-7.097497940063477,-5.903560161590576
near,6433,wolf,3,cat,-7.087582588195801,-5.903560161590576
near,338,fox,5,dog,-7.056106090545654,-5.903560161590576
near,2891,fox,3,cat,-7.051187038421631,-5.903560161590576
near,4754,fox,4,deer,-7.048398494720459,-5.903560161590576
near,3831,camel,7,horse,-7.046128749847412,-5.903560161590576
near,5920,bus,9,truck,-7.044380187988281,-5.903560161590576
near,9842,fox,4,deer,-7.04219913482666,-5.903560161590576
near,1155,pickup_truck,1,automobile,-7.042048454284668,-5.903560161590576
near,1752,wolf,3,cat,-7.030552387237549,-5.903560161590576
near,1261,tractor,9,truck,-6.9996843338012695,-5.903560161590576
near,2933,wolf,3,cat,-6.997988224029541,-5.903560161590576
near,9148,fox,3,cat,-6.994956016540527,-5.903560161590576
near,4736,camel,2,bird,-6.981597423553467,-5.903560161590576
near,7298,camel,4,deer,-6.970580101013184,-5.903560161590576
near,5715,pickup_truck,9,truck,-6.970301151275635,-5.903560161590576
near,1976,tractor,9,truck,-6.9610276222229,-5.903560161590576
near,1463,motorcycle,5,dog,-6.95646333694458,-5.903560161590576
near,702,leopard,2,bird,-6.950067520141602,-5.903560161590576
near,256,pickup_truck,1,automobile,-6.94435453414917,-5.903560161590576
near,6324,wolf,3,cat,-6.92204475402832,-5.903560161590576
near,8101,wolf,3,cat,-6.9178314208984375,-5.903560161590576
near,1023,motorcycle,9,truck,-6.909091472625732,-5.903560161590576
near,1753,tractor,9,truck,-6.9067511558532715,-5.903560161590576
near,5020,bus,9,truck,-6.903573989868164,-5.903560161590576
near,5112,motorcycle,3,cat,-6.902396202087402,-5.903560161590576
near,7570,pickup_truck,9,truck,-6.897177696228027,-5.903560161590576
near,7472,wolf,7,horse,-6.873996257781982,-5.903560161590576
near,5736,pickup_truck,9,truck,-6.866243362426758,-5.903560161590576
near,555,leopard,3,cat,-6.851596832275391,-5.903560161590576
near,8834,camel,5,dog,-6.848355770111084,-5.903560161590576
near,7194,camel,4,deer,-6.847175598144531,-5.903560161590576
near,3537,pickup_truck,9,truck,-6.836245059967041,-5.903560161590576
near,4461,motorcycle,0,airplane,-6.834048748016357,-5.903560161590576
near,7445,camel,4,deer,-6.830793380737305,-5.903560161590576
near,1320,fox,5,dog,-6.829860687255859,-5.903560161590576
near,2315,camel,7,horse,-6.819826126098633,-5.903560161590576
near,632,wolf,3,cat,-6.804623603820801,-5.903560161590576
near,5175,motorcycle,9,truck,-6.796255588531494,-5.903560161590576
near,5328,leopard,4,deer,-6.796081066131592,-5.903560161590576
near,9612,leopard,6,frog,-6.789831161499023,-5.903560161590576
near,4153,wolf,3,cat,-6.770981788635254,-5.903560161590576
near,7125,wolf,5,dog,-6.7664947509765625,-5.903560161590576
near,425,leopard,6,frog,-6.760467529296875,-5.903560161590576
near,1783,fox,3,cat,-6.757791996002197,-5.903560161590576
near,3701,bus,9,truck,-6.737881183624268,-5.903560161590576
near,7950,leopard,5,dog,-6.737633228302002,-5.903560161590576
near,4027,tractor,9,truck,-6.707150936126709,-5.903560161590576
near,8918,wolf,5,dog,-6.675858974456787,-5.903560161590576
near,3054,motorcycle,0,airplane,-6.675209045410156,-5.903560161590576
near,2356,fox,4,deer,-6.652775287628174,-5.903560161590576
near,4277,fox,5,dog,-6.644639015197754,-5.903560161590576
near,262,tractor,9,truck,-6.643580913543701,-5.903560161590576
near,811,camel,2,bird,-6.637917995452881,-5.903560161590576
near,6061,leopard,3,cat,-6.631044387817383,-5.903560161590576
near,712,wolf,5,dog,-6.599466323852539,-5.903560161590576
near,3886,wolf,5,dog,-6.596288204193115,-5.903560161590576
near,317,camel,5,dog,-6.588933944702148,-5.903560161590576
near,4283,wolf,3,cat,-6.588809490203857,-5.903560161590576
near,5472,leopard,3,cat,-6.573641777038574,-5.903560161590576
near,626,motorcycle,0,airplane,-6.569604873657227,-5.903560161590576
near,6735,leopard,3,cat,-6.550975322723389,-5.903560161590576
near,9936,leopard,3,cat,-6.549405097961426,-5.903560161590576
near,8165,pickup_truck,1,automobile,-6.547196865081787,-5.903560161590576
near,4992,leopard,3,cat,-6.546689987182617,-5.903560161590576
near,6767,leopard,6,frog,-6.5346574783325195,-5.903560161590576
near,7736,tractor,9,truck,-6.532758712768555,-5.903560161590576
near,9998,leopard,6,frog,-6.531785011291504,-5.903560161590576
near,7109,motorcycle,9,truck,-6.531154632568359,-5.903560161590576
near,4118,leopard,6,frog,-6.526595115661621,-5.903560161590576
near,1498,fox,3,cat,-6.5237274169921875,-5.903560161590576
near,3947,bus,9,truck,-6.516883373260498,-5.903560161590576
near,6409,leopard,3,cat,-6.512007713317871,-5.903560161590576
near,5231,leopard,6,frog,-6.5101823806762695,-5.903560161590576
near,9276,motorcycle,0,airplane,-6.498908996582031,-5.903560161590576
near,4677,leopard,3,cat,-6.4816155433654785,-5.903560161590576
near,8519,pickup_truck,1,automobile,-6.481088161468506,-5.903560161590576
near,6080,fox,4,deer,-6.479150772094727,-5.903560161590576
near,2624,tractor,9,truck,-6.474242210388184,-5.903560161590576
near,650,camel,5,dog,-6.473268508911133,-5.903560161590576
near,9871,pickup_truck,9,truck,-6.470459938049316,-5.903560161590576
near,8219,pickup_truck,1,automobile,-6.459648609161377,-5.903560161590576
near,1519,wolf,5,dog,-6.456960201263428,-5.903560161590576
near,8596,bus,9,truck,-6.455137729644775,-5.903560161590576
near,5113,camel,5,dog,-6.444278240203857,-5.903560161590576
near,8672,fox,5,dog,-6.432734489440918,-5.903560161590576
near,6360,tractor,1,automobile,-6.429266929626465,-5.903560161590576
near,9346,wolf,5,dog,-6.416613578796387,-5.903560161590576
near,274,leopard,6,frog,-6.405470848083496,-5.903560161590576
near,4740,bus,9,truck,-6.401160717010498,-5.903560161590576
near,2774,camel,6,frog,-6.398402214050293,-5.903560161590576
near,9914,leopard,6,frog,-6.389227867126465,-5.903560161590576
near,9611,camel,0,airplane,-6.386014938354492,-5.903560161590576
near,5064,bus,9,truck,-6.381092548370361,-5.903560161590576
near,7924,fox,3,cat,-6.35871696472168,-5.903560161590576
near,4109,tractor,9,truck,-6.354733467102051,-5.903560161590576
near,1096,motorcycle,3,cat,-6.352808952331543,-5.903560161590576
near,1588,camel,2,bird,-6.351442337036133,-5.903560161590576
near,8132,fox,5,dog,-6.325664520263672,-5.903560161590576
near,8580,tractor,8,ship,-6.323825359344482,-5.903560161590576
near,8257,motorcycle,7,horse,-6.318896770477295,-5.903560161590576
near,288,leopard,6,frog,-6.314266681671143,-5.903560161590576
near,5189,tractor,9,truck,-6.312675952911377,-5.903560161590576
near,652,tractor,9,truck,-6.311681270599365,-5.903560161590576
near,5911,wolf,3,cat,-6.301654815673828,-5.903560161590576
near,7640,motorcycle,1,automobile,-6.2762861251831055,-5.903560161590576
near,4703,fox,3,cat,-6.251944541931152,-5.903560161590576
near,4788,bus,1,automobile,-6.251854419708252,-5.903560161590576
near,7128,camel,7,horse,-6.250845909118652,-5.903560161590576
near,7131,pickup_truck,9,truck,-6.2210187911987305,-5.903560161590576
near,2503,tractor,8,ship,-6.216953754425049,-5.903560161590576
near,790,motorcycle,9,truck,-6.208199977874756,-5.903560161590576
near,4004,fox,5,dog,-6.194884300231934,-5.903560161590576
near,5726,fox,2,bird,-6.193911552429199,-5.903560161590576
near,196,pickup_truck,0,airplane,-6.189213752746582,-5.903560161590576
near,5650,motorcycle,9,truck,-6.182260036468506,-5.903560161590576
near,3219,wolf,5,dog,-6.178507328033447,-5.903560161590576
near,7561,wolf,3,cat,-6.158841133117676,-5.903560161590576
near,7806,motorcycle,9,truck,-6.158271789550781,-5.903560161590576
near,9317,wolf,3,cat,-6.1517653465271,-5.903560161590576
near,8454,leopard,3,cat,-6.139082908630371,-5.903560161590576
near,7590,tractor,9,truck,-6.130044460296631,-5.903560161590576
near,6037,camel,5,dog,-6.127925872802734,-5.903560161590576
near,3748,motorcycle,6,frog,-6.117732048034668,-5.903560161590576
near,1937,wolf,5,dog,-6.097620010375977,-5.903560161590576
near,4468,bus,9,truck,-6.090541362762451,-5.903560161590576
near,6044,camel,2,bird,-6.082889080047607,-5.903560161590576
near,5519,camel,4,deer,-6.080227851867676,-5.903560161590576
near,7772,leopard,4,deer,-6.07503080368042,-5.903560161590576
near,3868,bus,1,automobile,-6.063125133514404,-5.903560161590576
near,9708,tractor,9,truck,-6.049154758453369,-5.903560161590576
near,3567,leopard,5,dog,-6.04811954498291,-5.903560161590576
near,2211,leopard,4,deer,-6.045522689819336,-5.903560161590576
near,7249,motorcycle,1,automobile,-6.042452335357666,-5.903560161590576
near,6954,motorcycle,9,truck,-6.031827449798584,-5.903560161590576
near,313,leopard,6,frog,-6.019996166229248,-5.903560161590576
near,9743,camel,5,dog,-6.019814968109131,-5.903560161590576
near,5249,camel,5,dog,-5.997312545776367,-5.903560161590576
near,7333,camel,7,horse,-5.995284557342529,-5.903560161590576
near,3291,leopard,2,bird,-5.982171058654785,-5.903560161590576
near,5430,motorcycle,1,automobile,-5.979284763336182,-5.903560161590576
near,8026,tractor,0,airplane,-5.976000785827637,-5.903560161590576
near,619,bus,1,automobile,-5.974486827850342,-5.903560161590576
near,1687,camel,7,horse,-5.973794460296631,-5.903560161590576
near,2712,camel,7,horse,-5.968144416809082,-5.903560161590576
near,3663,wolf,3,cat,-5.960819244384766,-5.903560161590576
near,8447,camel,9,truck,-5.956947326660156,-5.903560161590576
near,6293,leopard,2,bird,-5.95276403427124,-5.903560161590576
near,8774,leopard,3,cat,-5.951034069061279,-5.903560161590576
near,5445,tractor,9,truck,-5.949568748474121,-5.903560161590576
near,4049,fox,5,dog,-5.94630241394043,-5.903560161590576
near,5350,motorcycle,9,truck,-5.94102144241333,-5.903560161590576
near,2082,motorcycle,1,automobile,-5.931853771209717,-5.903560161590576
near,2145,camel,7,horse,-5.930007457733154,-5.903560161590576
near,1491,pickup_truck,1,automobile,-5.924469470977783,-5.903560161590576
